driverId,constructorId,engineId,lap#,pit,laps after pit,pos,time(min),time(ms)
822,131,0,1,0,1,1,1:33.813,93813
822,131,0,2,0,2,1,1:29.662,89662
822,131,0,3,0,3,1,1:29.246,89246
822,131,0,4,0,4,1,1:28.641,88641
822,131,0,5,0,5,1,1:28.759,88759
822,131,0,6,0,6,1,1:29.034,89034
822,131,0,7,0,7,1,1:28.783,88783
822,131,0,8,0,8,1,1:28.651,88651
822,131,0,9,0,9,1,1:28.664,88664
822,131,0,10,0,10,1,1:29.028,89028
822,131,0,11,0,11,1,1:28.985,88985
822,131,0,12,0,12,1,1:28.633,88633
822,131,0,13,0,13,1,1:28.626,88626
822,131,0,14,0,14,1,1:28.300,88300
822,131,0,15,0,15,1,1:28.217,88217
822,131,0,16,0,16,1,1:28.238,88238
822,131,0,17,0,17,1,1:28.377,88377
822,131,0,18,0,18,1,1:28.203,88203
822,131,0,19,0,19,1,1:27.836,87836
822,131,0,20,0,20,1,1:27.832,87832
822,131,0,21,0,21,1,1:27.815,87815
822,131,0,22,0,22,1,1:28.531,88531
822,131,0,23,1,0,2,1:46.050,106050
822,131,0,24,0,1,2,1:33.805,93805
822,131,0,25,0,2,1,1:27.338,87338
822,131,0,26,0,3,1,1:27.450,87450
822,131,0,27,0,4,1,1:27.757,87757
822,131,0,28,0,5,1,1:27.511,87511
822,131,0,29,0,6,1,1:27.659,87659
822,131,0,30,0,7,1,1:27.537,87537
822,131,0,31,0,8,1,1:27.235,87235
822,131,0,32,0,9,1,1:27.266,87266
822,131,0,33,0,10,1,1:27.362,87362
822,131,0,34,0,11,1,1:27.927,87927
822,131,0,35,0,12,1,1:27.610,87610
822,131,0,36,0,13,1,1:27.465,87465
822,131,0,37,0,14,1,1:27.108,87108
822,131,0,38,0,15,1,1:27.358,87358
822,131,0,39,0,16,1,1:27.735,87735
822,131,0,40,0,17,1,1:27.273,87273
822,131,0,41,0,18,1,1:27.043,87043
822,131,0,42,0,19,1,1:26.739,86739
822,131,0,43,0,20,1,1:27.397,87397
822,131,0,44,0,21,1,1:27.540,87540
822,131,0,45,0,22,1,1:27.580,87580
822,131,0,46,0,23,1,1:27.491,87491
822,131,0,47,0,24,1,1:27.323,87323
822,131,0,48,0,25,1,1:27.184,87184
822,131,0,49,0,26,1,1:27.071,87071
822,131,0,50,0,27,1,1:27.238,87238
822,131,0,51,0,28,1,1:28.090,88090
822,131,0,52,0,29,1,1:29.226,89226
822,131,0,53,0,30,1,1:27.172,87172
822,131,0,54,0,31,1,1:27.608,87608
822,131,0,55,0,32,1,1:26.830,86830
822,131,0,56,0,33,1,1:28.732,88732
822,131,0,57,0,34,1,1:25.580,85580
822,131,0,58,0,35,1,1:28.161,88161
1,131,0,1,0,1,2,1:34.887,94887
1,131,0,2,0,2,2,1:29.759,89759
1,131,0,3,0,3,2,1:29.332,89332
1,131,0,4,0,4,2,1:28.804,88804
1,131,0,5,0,5,2,1:28.914,88914
1,131,0,6,0,6,2,1:29.475,89475
1,131,0,7,0,7,2,1:29.150,89150
1,131,0,8,0,8,2,1:29.208,89208
1,131,0,9,0,9,2,1:29.170,89170
1,131,0,10,0,10,2,1:29.341,89341
1,131,0,11,0,11,2,1:28.784,88784
1,131,0,12,0,12,2,1:28.733,88733
1,131,0,13,0,13,2,1:28.616,88616
1,131,0,14,0,14,2,1:28.495,88495
1,131,0,15,1,0,4,1:46.079,106079
1,131,0,16,0,1,4,1:35.642,95642
1,131,0,17,0,2,4,1:28.801,88801
1,131,0,18,0,3,4,1:28.667,88667
1,131,0,19,0,4,4,1:29.367,89367
1,131,0,20,0,5,4,1:29.334,89334
1,131,0,21,0,6,4,1:28.191,88191
1,131,0,22,0,7,4,1:28.666,88666
1,131,0,23,0,8,4,1:28.754,88754
1,131,0,24,0,9,4,1:28.496,88496
1,131,0,25,0,10,3,1:28.634,88634
1,131,0,26,0,11,3,1:27.982,87982
1,131,0,27,0,12,3,1:28.674,88674
1,131,0,28,0,13,2,1:28.913,88913
1,131,0,29,0,14,2,1:28.681,88681
1,131,0,30,0,15,2,1:28.507,88507
1,131,0,31,0,16,2,1:28.320,88320
1,131,0,32,0,17,2,1:27.954,87954
1,131,0,33,0,18,2,1:27.771,87771
1,131,0,34,0,19,2,1:27.538,87538
1,131,0,35,0,20,2,1:27.376,87376
1,131,0,36,0,21,2,1:27.553,87553
1,131,0,37,0,22,2,1:28.356,88356
1,131,0,38,0,23,2,1:28.149,88149
1,131,0,39,0,24,2,1:28.043,88043
1,131,0,40,0,25,2,1:28.196,88196
1,131,0,41,0,26,2,1:28.282,88282
1,131,0,42,0,27,2,1:27.576,87576
1,131,0,43,0,28,2,1:27.927,87927
1,131,0,44,0,29,2,1:27.760,87760
1,131,0,45,0,30,2,1:27.610,87610
1,131,0,46,0,31,2,1:27.567,87567
1,131,0,47,0,32,2,1:27.098,87098
1,131,0,48,0,33,2,1:27.224,87224
1,131,0,49,0,34,2,1:27.728,87728
1,131,0,50,0,35,2,1:27.567,87567
1,131,0,51,0,36,2,1:27.653,87653
1,131,0,52,0,37,2,1:27.933,87933
1,131,0,53,0,38,2,1:27.134,87134
1,131,0,54,0,39,2,1:27.190,87190
1,131,0,55,0,40,2,1:27.042,87042
1,131,0,56,0,41,2,1:26.924,86924
1,131,0,57,0,42,2,1:26.057,86057
1,131,0,58,0,43,2,1:26.627,86627
20,6,1,1,0,1,3,1:35.626,95626
20,6,1,2,0,2,3,1:30.095,90095
20,6,1,3,0,3,3,1:29.371,89371
20,6,1,4,0,4,3,1:29.124,89124
20,6,1,5,0,5,3,1:29.310,89310
20,6,1,6,0,6,3,1:29.666,89666
20,6,1,7,0,7,3,1:29.418,89418
20,6,1,8,0,8,3,1:29.557,89557
20,6,1,9,0,9,3,1:29.282,89282
20,6,1,10,0,10,3,1:29.394,89394
20,6,1,11,0,11,3,1:29.246,89246
20,6,1,12,0,12,3,1:29.102,89102
20,6,1,13,0,13,3,1:28.789,88789
20,6,1,14,1,0,5,1:46.627,106627
20,6,1,15,0,1,5,1:33.692,93692
20,6,1,16,0,2,5,1:27.954,87954
20,6,1,17,0,3,5,1:28.561,88561
20,6,1,18,0,4,5,1:28.657,88657
20,6,1,19,0,5,5,1:29.248,89248
20,6,1,20,0,6,5,1:29.227,89227
20,6,1,21,0,7,5,1:28.701,88701
20,6,1,22,0,8,5,1:28.514,88514
20,6,1,23,0,9,5,1:28.637,88637
20,6,1,24,0,10,5,1:28.702,88702
20,6,1,25,0,11,5,1:28.899,88899
20,6,1,26,0,12,4,1:28.710,88710
20,6,1,27,0,13,4,1:28.705,88705
20,6,1,28,0,14,3,1:28.759,88759
20,6,1,29,0,15,3,1:28.207,88207
20,6,1,30,0,16,3,1:28.343,88343
20,6,1,31,0,17,4,1:30.051,90051
20,6,1,32,0,18,4,1:28.489,88489
20,6,1,33,0,19,4,1:28.658,88658
20,6,1,34,0,20,4,1:28.736,88736
20,6,1,35,0,21,4,1:28.494,88494
20,6,1,36,0,22,4,1:28.557,88557
20,6,1,37,0,23,4,1:28.607,88607
20,6,1,38,0,24,4,1:28.561,88561
20,6,1,39,0,25,4,1:28.555,88555
20,6,1,40,0,26,4,1:28.203,88203
20,6,1,41,0,27,4,1:28.215,88215
20,6,1,42,0,28,4,1:28.389,88389
20,6,1,43,0,29,4,1:28.585,88585
20,6,1,44,0,30,4,1:28.275,88275
20,6,1,45,0,31,4,1:28.249,88249
20,6,1,46,0,32,4,1:28.214,88214
20,6,1,47,0,33,4,1:28.400,88400
20,6,1,48,0,34,4,1:28.380,88380
20,6,1,49,0,35,4,1:28.432,88432
20,6,1,50,0,36,4,1:28.746,88746
20,6,1,51,0,37,4,1:28.706,88706
20,6,1,52,0,38,4,1:28.644,88644
20,6,1,53,0,39,4,1:29.006,89006
20,6,1,54,0,40,4,1:29.438,89438
20,6,1,55,0,41,4,1:29.159,89159
20,6,1,56,0,42,4,1:29.683,89683
20,6,1,57,0,43,4,1:30.057,90057
20,6,1,58,0,44,4,1:30.822,90822
830,9,3,1,0,1,4,1:36.291,96291
830,9,3,2,0,2,4,1:30.053,90053
830,9,3,3,0,3,4,1:29.370,89370
830,9,3,4,0,4,4,1:29.301,89301
830,9,3,5,0,5,4,1:29.723,89723
830,9,3,6,0,6,4,1:29.744,89744
830,9,3,7,0,7,4,1:29.516,89516
830,9,3,8,0,8,4,1:29.453,89453
830,9,3,9,0,9,4,1:29.363,89363
830,9,3,10,0,10,4,1:29.452,89452
830,9,3,11,0,11,4,1:29.440,89440
830,9,3,12,0,12,4,1:29.104,89104
830,9,3,13,0,13,4,1:28.940,88940
830,9,3,14,0,14,3,1:29.058,89058
830,9,3,15,0,15,2,1:28.948,88948
830,9,3,16,0,16,2,1:28.757,88757
830,9,3,17,0,17,2,1:28.958,88958
830,9,3,18,0,18,2,1:28.865,88865
830,9,3,19,0,19,2,1:28.585,88585
830,9,3,20,0,20,2,1:28.757,88757
830,9,3,21,0,21,2,1:28.550,88550
830,9,3,22,0,22,2,1:28.598,88598
830,9,3,23,0,23,1,1:29.025,89025
830,9,3,24,0,24,1,1:29.751,89751
830,9,3,25,1,0,4,1:45.970,105970
830,9,3,26,0,1,5,1:33.652,93652
830,9,3,27,0,2,5,1:27.638,87638
830,9,3,28,0,3,4,1:27.959,87959
830,9,3,29,0,4,4,1:27.547,87547
830,9,3,30,0,5,4,1:28.060,88060
830,9,3,31,0,6,3,1:27.915,87915
830,9,3,32,0,7,3,1:27.545,87545
830,9,3,33,0,8,3,1:27.516,87516
830,9,3,34,0,9,3,1:27.457,87457
830,9,3,35,0,10,3,1:27.631,87631
830,9,3,36,0,11,3,1:27.890,87890
830,9,3,37,0,12,3,1:28.091,88091
830,9,3,38,0,13,3,1:28.040,88040
830,9,3,39,0,14,3,1:28.098,88098
830,9,3,40,0,15,3,1:28.323,88323
830,9,3,41,0,16,3,1:28.282,88282
830,9,3,42,0,17,3,1:27.738,87738
830,9,3,43,0,18,3,1:27.692,87692
830,9,3,44,0,19,3,1:27.554,87554
830,9,3,45,0,20,3,1:27.847,87847
830,9,3,46,0,21,3,1:27.448,87448
830,9,3,47,0,22,3,1:27.202,87202
830,9,3,48,0,23,3,1:27.207,87207
830,9,3,49,0,24,3,1:29.162,89162
830,9,3,50,0,25,3,1:27.556,87556
830,9,3,51,0,26,3,1:26.890,86890
830,9,3,52,0,27,3,1:27.898,87898
830,9,3,53,0,28,3,1:26.983,86983
830,9,3,54,0,29,3,1:26.540,86540
830,9,3,55,0,30,3,1:26.862,86862
830,9,3,56,0,31,3,1:26.610,86610
830,9,3,57,0,32,3,1:26.256,86256
830,9,3,58,0,33,3,1:27.184,87184
844,6,1,1,0,1,5,1:37.042,97042
844,6,1,2,0,2,5,1:30.636,90636
844,6,1,3,0,3,5,1:30.033,90033
844,6,1,4,0,4,5,1:29.387,89387
844,6,1,5,0,5,5,1:29.579,89579
844,6,1,6,0,6,5,1:30.124,90124
844,6,1,7,0,7,5,1:30.006,90006
844,6,1,8,0,8,5,1:29.708,89708
844,6,1,9,0,9,5,1:32.630,92630
844,6,1,10,0,10,5,1:29.905,89905
844,6,1,11,0,11,5,1:29.912,89912
844,6,1,12,0,12,5,1:29.828,89828
844,6,1,13,0,13,5,1:29.282,89282
844,6,1,14,0,14,4,1:29.390,89390
844,6,1,15,0,15,3,1:29.495,89495
844,6,1,16,0,16,3,1:29.099,89099
844,6,1,17,0,17,3,1:29.339,89339
844,6,1,18,0,18,3,1:28.991,88991
844,6,1,19,0,19,3,1:28.926,88926
844,6,1,20,0,20,3,1:28.733,88733
844,6,1,21,0,21,3,1:28.833,88833
844,6,1,22,0,22,3,1:28.905,88905
844,6,1,23,0,23,3,1:28.921,88921
844,6,1,24,0,24,3,1:29.335,89335
844,6,1,25,0,25,2,1:29.205,89205
844,6,1,26,0,26,2,1:29.014,89014
844,6,1,27,0,27,2,1:29.275,89275
844,6,1,28,1,0,5,1:47.729,107729
844,6,1,29,0,1,5,1:33.404,93404
844,6,1,30,0,2,5,1:27.240,87240
844,6,1,31,0,3,5,1:27.775,87775
844,6,1,32,0,4,5,1:27.752,87752
844,6,1,33,0,5,5,1:28.113,88113
844,6,1,34,0,6,5,1:28.115,88115
844,6,1,35,0,7,5,1:28.319,88319
844,6,1,36,0,8,5,1:27.701,87701
844,6,1,37,0,9,5,1:28.044,88044
844,6,1,38,0,10,5,1:27.992,87992
844,6,1,39,0,11,5,1:27.942,87942
844,6,1,40,0,12,5,1:27.728,87728
844,6,1,41,0,13,5,1:27.576,87576
844,6,1,42,0,14,5,1:27.609,87609
844,6,1,43,0,15,5,1:27.550,87550
844,6,1,44,0,16,5,1:27.619,87619
844,6,1,45,0,17,5,1:27.435,87435
844,6,1,46,0,18,5,1:27.529,87529
844,6,1,47,0,19,5,1:27.326,87326
844,6,1,48,0,20,5,1:27.359,87359
844,6,1,49,0,21,5,1:28.090,88090
844,6,1,50,0,22,5,1:27.824,87824
844,6,1,51,0,23,5,1:30.151,90151
844,6,1,52,0,24,5,1:28.283,88283
844,6,1,53,0,25,5,1:30.058,90058
844,6,1,54,0,26,5,1:30.153,90153
844,6,1,55,0,27,5,1:30.138,90138
844,6,1,56,0,28,5,1:29.908,89908
844,6,1,57,0,29,5,1:30.634,90634
844,6,1,58,0,30,5,1:26.926,86926
825,210,1,1,0,1,6,1:38.243,98243
825,210,1,2,0,2,6,1:30.912,90912
825,210,1,3,0,3,6,1:30.713,90713
825,210,1,4,0,4,6,1:30.379,90379
825,210,1,5,0,5,6,1:30.166,90166
825,210,1,6,0,6,6,1:30.619,90619
825,210,1,7,0,7,6,1:30.384,90384
825,210,1,8,0,8,6,1:30.266,90266
825,210,1,9,0,9,6,1:31.075,91075
825,210,1,10,0,10,6,1:30.846,90846
825,210,1,11,0,11,6,1:30.748,90748
825,210,1,12,0,12,6,1:30.581,90581
825,210,1,13,0,13,6,1:30.388,90388
825,210,1,14,1,0,11,1:48.686,108686
825,210,1,15,0,1,10,1:35.021,95021
825,210,1,16,0,2,10,1:28.877,88877
825,210,1,17,0,3,10,1:31.436,91436
825,210,1,18,0,4,9,1:30.606,90606
825,210,1,19,0,5,9,1:29.719,89719
825,210,1,20,0,6,9,1:29.251,89251
825,210,1,21,0,7,9,1:29.993,89993
825,210,1,22,0,8,9,1:29.368,89368
825,210,1,23,0,9,9,1:29.142,89142
825,210,1,24,0,10,9,1:29.043,89043
825,210,1,25,0,11,9,1:29.066,89066
825,210,1,26,0,12,8,1:28.999,88999
825,210,1,27,0,13,7,1:29.002,89002
825,210,1,28,0,14,7,1:28.874,88874
825,210,1,29,0,15,7,1:28.924,88924
825,210,1,30,0,16,7,1:29.175,89175
825,210,1,31,0,17,7,1:29.068,89068
825,210,1,32,0,18,7,1:28.936,88936
825,210,1,33,0,19,7,1:28.805,88805
825,210,1,34,0,20,7,1:29.212,89212
825,210,1,35,0,21,7,1:29.041,89041
825,210,1,36,0,22,7,1:29.015,89015
825,210,1,37,0,23,6,1:28.926,88926
825,210,1,38,0,24,6,1:28.860,88860
825,210,1,39,0,25,6,1:28.470,88470
825,210,1,40,0,26,6,1:28.351,88351
825,210,1,41,0,27,6,1:28.432,88432
825,210,1,42,0,28,6,1:28.207,88207
825,210,1,43,0,29,6,1:29.368,89368
825,210,1,44,0,30,6,1:28.605,88605
825,210,1,45,0,31,6,1:28.979,88979
825,210,1,46,0,32,6,1:29.316,89316
825,210,1,47,0,33,6,1:28.697,88697
825,210,1,48,0,34,6,1:28.665,88665
825,210,1,49,0,35,6,1:28.785,88785
825,210,1,50,0,36,6,1:28.511,88511
825,210,1,51,0,37,6,1:28.600,88600
825,210,1,52,0,38,6,1:28.411,88411
825,210,1,53,0,39,6,1:28.309,88309
825,210,1,54,0,40,6,1:28.425,88425
825,210,1,55,0,41,6,1:28.614,88614
825,210,1,56,0,42,6,1:28.182,88182
825,210,1,57,0,43,6,1:28.406,88406
825,210,1,58,0,44,6,1:28.783,88783
154,210,1,1,0,1,7,1:39.116,99116
154,210,1,2,0,2,7,1:31.050,91050
154,210,1,3,0,3,7,1:30.730,90730
154,210,1,4,0,4,7,1:30.707,90707
154,210,1,5,0,5,7,1:30.391,90391
154,210,1,6,0,6,7,1:30.413,90413
154,210,1,7,0,7,7,1:30.471,90471
154,210,1,8,0,8,7,1:30.340,90340
154,210,1,9,0,9,7,1:31.024,91024
154,210,1,10,0,10,7,1:30.636,90636
154,210,1,11,0,11,7,1:30.870,90870
154,210,1,12,0,12,7,1:30.853,90853
154,210,1,13,0,13,7,1:30.070,90070
154,210,1,14,0,14,6,1:30.555,90555
154,210,1,15,1,0,14,1:56.519,116519
154,210,1,16,0,1,14,1:35.081,95081
154,210,1,17,0,2,14,1:28.462,88462
154,210,1,18,0,3,14,1:29.159,89159
154,210,1,19,0,4,14,1:29.709,89709
154,210,1,20,0,5,14,1:30.662,90662
154,210,1,21,0,6,14,1:30.809,90809
154,210,1,22,0,7,14,1:31.037,91037
154,210,1,23,0,8,14,1:31.096,91096
154,210,1,24,0,9,14,1:30.755,90755
154,210,1,25,0,10,14,1:30.902,90902
154,210,1,26,0,11,13,1:31.507,91507
154,210,1,27,0,12,13,1:29.048,89048
154,210,1,28,0,13,13,1:28.727,88727
154,210,1,29,0,14,13,1:29.203,89203
807,4,2,1,0,1,8,1:39.692,99692
807,4,2,2,0,2,8,1:31.205,91205
807,4,2,3,0,3,8,1:30.699,90699
807,4,2,4,0,4,8,1:30.687,90687
807,4,2,5,0,5,8,1:30.655,90655
807,4,2,6,0,6,8,1:30.441,90441
807,4,2,7,0,7,8,1:30.923,90923
807,4,2,8,0,8,8,1:30.475,90475
807,4,2,9,0,9,8,1:30.789,90789
807,4,2,10,0,10,8,1:30.454,90454
807,4,2,11,0,11,8,1:30.653,90653
807,4,2,12,0,12,8,1:30.926,90926
807,4,2,13,1,0,14,1:47.604,107604
807,4,2,14,0,1,13,1:34.476,94476
807,4,2,15,0,2,11,1:30.699,90699
807,4,2,16,0,3,11,1:29.654,89654
807,4,2,17,0,4,11,1:30.196,90196
807,4,2,18,0,5,11,1:31.068,91068
807,4,2,19,0,6,10,1:29.732,89732
807,4,2,20,0,7,10,1:29.539,89539
807,4,2,21,0,8,10,1:29.831,89831
807,4,2,22,0,9,10,1:29.594,89594
807,4,2,23,0,10,10,1:29.277,89277
807,4,2,24,0,11,10,1:29.041,89041
807,4,2,25,0,12,10,1:28.945,88945
807,4,2,26,0,13,9,1:29.127,89127
807,4,2,27,0,14,8,1:29.137,89137
807,4,2,28,0,15,8,1:29.130,89130
807,4,2,29,0,16,8,1:28.848,88848
807,4,2,30,0,17,8,1:29.030,89030
807,4,2,31,0,18,8,1:29.053,89053
807,4,2,32,0,19,8,1:29.169,89169
807,4,2,33,0,20,8,1:29.052,89052
807,4,2,34,0,21,8,1:29.001,89001
807,4,2,35,0,22,8,1:29.050,89050
807,4,2,36,0,23,8,1:28.970,88970
807,4,2,37,0,24,7,1:28.967,88967
807,4,2,38,0,25,7,1:28.921,88921
807,4,2,39,0,26,7,1:28.548,88548
807,4,2,40,0,27,7,1:28.765,88765
807,4,2,41,0,28,7,1:28.573,88573
807,4,2,42,0,29,7,1:28.601,88601
807,4,2,43,0,30,7,1:28.745,88745
807,4,2,44,0,31,7,1:28.766,88766
807,4,2,45,0,32,7,1:28.942,88942
807,4,2,46,0,33,7,1:28.763,88763
807,4,2,47,0,34,7,1:28.796,88796
807,4,2,48,0,35,7,1:28.667,88667
807,4,2,49,0,36,7,1:28.788,88788
807,4,2,50,0,37,7,1:28.676,88676
807,4,2,51,0,38,7,1:28.902,88902
807,4,2,52,0,39,7,1:28.444,88444
807,4,2,53,0,40,7,1:28.615,88615
807,4,2,54,0,41,7,1:28.492,88492
807,4,2,55,0,42,7,1:31.215,91215
807,4,2,56,0,43,7,1:28.805,88805
807,4,2,57,0,44,7,1:28.711,88711
8,51,1,1,0,1,9,1:40.507,100507
8,51,1,2,0,2,9,1:31.184,91184
8,51,1,3,0,3,9,1:30.928,90928
8,51,1,4,0,4,9,1:30.596,90596
8,51,1,5,0,5,9,1:30.765,90765
8,51,1,6,0,6,9,1:30.882,90882
8,51,1,7,0,7,9,1:30.843,90843
8,51,1,8,0,8,9,1:30.953,90953
8,51,1,9,0,9,9,1:30.722,90722
8,51,1,10,0,10,9,1:31.048,91048
8,51,1,11,0,11,9,1:30.586,90586
8,51,1,12,1,0,16,1:49.402,109402
8,51,1,13,0,1,15,1:35.905,95905
8,51,1,14,0,2,14,1:29.255,89255
8,51,1,15,0,3,13,1:29.190,89190
8,51,1,16,0,4,12,1:30.028,90028
8,51,1,17,0,5,12,1:29.526,89526
8,51,1,18,0,6,12,1:29.731,89731
8,51,1,19,0,7,11,1:30.916,90916
8,51,1,20,0,8,11,1:30.110,90110
8,51,1,21,0,9,11,1:29.966,89966
8,51,1,22,0,10,11,1:29.926,89926
8,51,1,23,0,11,11,1:29.188,89188
8,51,1,24,0,12,11,1:29.135,89135
8,51,1,25,0,13,11,1:29.128,89128
8,51,1,26,0,14,10,1:28.991,88991
8,51,1,27,0,15,9,1:28.793,88793
8,51,1,28,0,16,9,1:29.172,89172
8,51,1,29,0,17,9,1:29.298,89298
8,51,1,30,0,18,9,1:29.181,89181
8,51,1,31,0,19,9,1:28.804,88804
8,51,1,32,0,20,9,1:28.860,88860
8,51,1,33,0,21,9,1:28.936,88936
8,51,1,34,0,22,9,1:29.031,89031
8,51,1,35,0,23,9,1:28.667,88667
8,51,1,36,0,24,9,1:28.748,88748
8,51,1,37,0,25,8,1:29.193,89193
8,51,1,38,0,26,8,1:28.916,88916
8,51,1,39,0,27,8,1:28.786,88786
8,51,1,40,0,28,8,1:28.731,88731
8,51,1,41,0,29,8,1:28.599,88599
8,51,1,42,0,30,8,1:28.831,88831
8,51,1,43,0,31,8,1:28.442,88442
8,51,1,44,0,32,8,1:28.577,88577
8,51,1,45,0,33,8,1:28.404,88404
8,51,1,46,0,34,8,1:28.729,88729
8,51,1,47,0,35,8,1:28.390,88390
8,51,1,48,0,36,8,1:28.628,88628
8,51,1,49,0,37,8,1:28.774,88774
8,51,1,50,0,38,8,1:28.905,88905
8,51,1,51,0,39,8,1:28.420,88420
8,51,1,52,0,40,8,1:28.270,88270
8,51,1,53,0,41,8,1:28.900,88900
8,51,1,54,0,42,8,1:29.768,89768
8,51,1,55,0,43,8,1:29.660,89660
8,51,1,56,0,44,8,1:28.800,88800
8,51,1,57,0,45,8,1:29.085,89085
846,1,2,1,0,1,10,1:41.117,101117
846,1,2,2,0,2,10,1:31.414,91414
846,1,2,3,0,3,10,1:31.043,91043
846,1,2,4,0,4,10,1:31.190,91190
846,1,2,5,0,5,10,1:31.060,91060
846,1,2,6,0,6,10,1:31.390,91390
846,1,2,7,0,7,10,1:30.879,90879
846,1,2,8,0,8,10,1:30.650,90650
846,1,2,9,0,9,10,1:30.664,90664
846,1,2,10,0,10,10,1:30.787,90787
846,1,2,11,0,11,10,1:30.813,90813
846,1,2,12,0,12,9,1:31.415,91415
846,1,2,13,0,13,8,1:30.359,90359
846,1,2,14,0,14,7,1:30.424,90424
846,1,2,15,1,0,12,1:48.026,108026
846,1,2,16,0,1,13,1:35.822,95822
846,1,2,17,0,2,13,1:28.555,88555
846,1,2,18,0,3,13,1:29.118,89118
846,1,2,19,0,4,13,1:29.938,89938
846,1,2,20,0,5,13,1:31.492,91492
846,1,2,21,0,6,13,1:30.777,90777
846,1,2,22,0,7,13,1:31.308,91308
846,1,2,23,0,8,13,1:30.768,90768
846,1,2,24,0,9,13,1:30.818,90818
846,1,2,25,0,10,13,1:30.946,90946
846,1,2,26,0,11,12,1:29.728,89728
846,1,2,27,0,12,12,1:28.981,88981
846,1,2,28,0,13,12,1:29.191,89191
846,1,2,29,0,14,12,1:29.110,89110
846,1,2,30,0,15,12,1:29.244,89244
846,1,2,31,0,16,12,1:29.076,89076
846,1,2,32,0,17,12,1:28.948,88948
846,1,2,33,0,18,12,1:28.994,88994
846,1,2,34,0,19,12,1:28.946,88946
846,1,2,35,0,20,12,1:29.088,89088
846,1,2,36,0,21,12,1:28.866,88866
846,1,2,37,0,22,12,1:28.734,88734
846,1,2,38,0,23,12,1:29.115,89115
846,1,2,39,0,24,12,1:29.253,89253
846,1,2,40,0,25,12,1:28.758,88758
846,1,2,41,0,26,12,1:29.173,89173
846,1,2,42,0,27,12,1:31.525,91525
846,1,2,43,0,28,12,1:29.600,89600
846,1,2,44,0,29,12,1:29.765,89765
846,1,2,45,0,30,12,1:29.168,89168
846,1,2,46,0,31,12,1:29.329,89329
846,1,2,47,0,32,12,1:29.777,89777
846,1,2,48,0,33,12,1:29.401,89401
846,1,2,49,0,34,12,1:31.570,91570
846,1,2,50,0,35,12,1:30.451,90451
846,1,2,51,0,36,12,1:32.058,92058
846,1,2,52,0,37,12,1:32.138,92138
846,1,2,53,0,38,12,1:30.759,90759
846,1,2,54,0,39,12,1:31.025,91025
846,1,2,55,0,40,12,1:30.822,90822
846,1,2,56,0,41,12,1:30.819,90819
846,1,2,57,0,42,12,1:31.074,91074
848,5,3,1,0,1,11,1:41.759,101759
848,5,3,2,0,2,11,1:31.716,91716
848,5,3,3,0,3,11,1:31.357,91357
848,5,3,4,0,4,11,1:31.421,91421
848,5,3,5,0,5,11,1:30.884,90884
848,5,3,6,0,6,11,1:31.474,91474
848,5,3,7,0,7,11,1:31.075,91075
848,5,3,8,0,8,11,1:30.875,90875
848,5,3,9,0,9,11,1:30.915,90915
848,5,3,10,0,10,11,1:30.989,90989
848,5,3,11,0,11,11,1:31.194,91194
848,5,3,12,0,12,10,1:31.165,91165
848,5,3,13,0,13,9,1:30.782,90782
848,5,3,14,1,0,15,1:48.191,108191
848,5,3,15,0,1,15,1:34.855,94855
848,5,3,16,0,2,15,1:31.273,91273
848,5,3,17,0,3,15,1:29.753,89753
848,5,3,18,0,4,15,1:29.804,89804
848,5,3,19,0,5,15,1:29.906,89906
848,5,3,20,0,6,15,1:30.037,90037
848,5,3,21,0,7,15,1:30.196,90196
848,5,3,22,0,8,15,1:30.366,90366
848,5,3,23,0,9,15,1:30.940,90940
848,5,3,24,0,10,15,1:30.210,90210
848,5,3,25,0,11,15,1:30.943,90943
848,5,3,26,0,12,16,1:32.977,92977
848,5,3,27,0,13,15,1:32.409,92409
848,5,3,28,0,14,15,1:30.335,90335
848,5,3,29,0,15,15,1:29.927,89927
848,5,3,30,0,16,14,1:29.784,89784
848,5,3,31,0,17,14,1:30.207,90207
848,5,3,32,0,18,14,1:29.457,89457
848,5,3,33,0,19,14,1:29.376,89376
848,5,3,34,0,20,14,1:29.265,89265
848,5,3,35,0,21,14,1:30.648,90648
848,5,3,36,0,22,14,1:29.308,89308
848,5,3,37,0,23,14,1:29.302,89302
848,5,3,38,0,24,14,1:29.168,89168
848,5,3,39,0,25,14,1:29.015,89015
848,5,3,40,0,26,14,1:28.765,88765
848,5,3,41,0,27,14,1:28.595,88595
848,5,3,42,0,28,14,1:28.491,88491
848,5,3,43,0,29,14,1:28.188,88188
848,5,3,44,0,30,14,1:28.897,88897
848,5,3,45,0,31,14,1:29.106,89106
848,5,3,46,0,32,14,1:28.835,88835
848,5,3,47,0,33,14,1:28.944,88944
848,5,3,48,0,34,14,1:29.790,89790
848,5,3,49,0,35,14,1:33.487,93487
848,5,3,50,0,36,14,1:29.708,89708
848,5,3,51,0,37,14,1:29.275,89275
848,5,3,52,0,38,14,1:29.853,89853
848,5,3,53,0,39,14,1:29.939,89939
848,5,3,54,0,40,14,1:29.740,89740
848,5,3,55,0,41,14,1:29.659,89659
848,5,3,56,0,42,14,1:30.894,90894
848,5,3,57,0,43,14,1:31.073,91073
815,211,0,1,0,1,12,1:42.296,102296
815,211,0,2,0,2,12,1:31.970,91970
815,211,0,3,0,3,12,1:31.356,91356
815,211,0,4,0,4,12,1:31.743,91743
815,211,0,5,0,5,12,1:31.400,91400
815,211,0,6,0,6,12,1:31.175,91175
815,211,0,7,0,7,12,1:31.143,91143
815,211,0,8,0,8,12,1:31.075,91075
815,211,0,9,0,9,12,1:31.058,91058
815,211,0,10,0,10,12,1:30.945,90945
815,211,0,11,0,11,12,1:30.850,90850
815,211,0,12,0,12,11,1:31.103,91103
815,211,0,13,1,0,16,1:50.063,110063
815,211,0,14,0,1,17,1:34.939,94939
815,211,0,15,0,2,16,1:29.916,89916
815,211,0,16,0,3,16,1:29.675,89675
815,211,0,17,0,4,16,1:30.215,90215
815,211,0,18,0,5,16,1:29.801,89801
815,211,0,19,0,6,16,1:29.935,89935
815,211,0,20,0,7,16,1:30.020,90020
815,211,0,21,0,8,16,1:29.481,89481
815,211,0,22,0,9,16,1:30.554,90554
815,211,0,23,0,10,16,1:30.759,90759
815,211,0,24,0,11,16,1:30.364,90364
815,211,0,25,0,12,16,1:30.696,90696
815,211,0,26,0,13,15,1:31.849,91849
815,211,0,27,0,14,14,1:29.691,89691
815,211,0,28,0,15,14,1:29.365,89365
815,211,0,29,0,16,14,1:29.835,89835
815,211,0,30,0,17,13,1:29.609,89609
815,211,0,31,0,18,13,1:29.686,89686
815,211,0,32,0,19,13,1:29.037,89037
815,211,0,33,0,20,13,1:29.162,89162
815,211,0,34,0,21,13,1:29.016,89016
815,211,0,35,0,22,13,1:29.381,89381
815,211,0,36,0,23,13,1:28.808,88808
815,211,0,37,0,24,13,1:29.264,89264
815,211,0,38,0,25,13,1:31.415,91415
815,211,0,39,0,26,13,1:29.176,89176
815,211,0,40,0,27,13,1:28.732,88732
815,211,0,41,0,28,13,1:28.485,88485
815,211,0,42,0,29,13,1:28.688,88688
815,211,0,43,0,30,13,1:28.664,88664
815,211,0,44,0,31,13,1:28.939,88939
815,211,0,45,0,32,13,1:28.738,88738
815,211,0,46,0,33,13,1:28.834,88834
815,211,0,47,0,34,13,1:29.781,89781
815,211,0,48,0,35,13,1:28.928,88928
815,211,0,49,0,36,13,1:29.246,89246
815,211,0,50,0,37,13,1:30.191,90191
815,211,0,51,0,38,13,1:32.162,92162
815,211,0,52,0,39,13,1:31.980,91980
815,211,0,53,0,40,13,1:30.966,90966
815,211,0,54,0,41,13,1:30.950,90950
815,211,0,55,0,42,13,1:30.797,90797
815,211,0,56,0,43,13,1:30.821,90821
815,211,0,57,0,44,13,1:31.061,91061
840,211,0,1,0,1,13,1:42.777,102777
840,211,0,2,0,2,13,1:32.014,92014
840,211,0,3,0,3,13,1:31.558,91558
840,211,0,4,0,4,13,1:31.612,91612
840,211,0,5,0,5,13,1:31.545,91545
840,211,0,6,0,6,13,1:31.104,91104
840,211,0,7,0,7,13,1:31.301,91301
840,211,0,8,0,8,13,1:31.318,91318
840,211,0,9,0,9,13,1:31.113,91113
840,211,0,10,0,10,13,1:30.976,90976
840,211,0,11,0,11,13,1:30.767,90767
840,211,0,12,0,12,12,1:31.081,91081
840,211,0,13,0,13,10,1:30.808,90808
840,211,0,14,0,14,8,1:30.138,90138
840,211,0,15,0,15,6,1:30.077,90077
840,211,0,16,0,16,6,1:29.590,89590
840,211,0,17,0,17,6,1:29.716,89716
840,211,0,18,0,18,6,1:29.565,89565
840,211,0,19,0,19,6,1:29.316,89316
840,211,0,20,0,20,6,1:29.234,89234
840,211,0,21,0,21,6,1:29.231,89231
840,211,0,22,0,22,6,1:29.290,89290
840,211,0,23,0,23,6,1:29.294,89294
840,211,0,24,0,24,6,1:29.130,89130
840,211,0,25,0,25,6,1:29.601,89601
840,211,0,26,0,26,6,1:29.175,89175
840,211,0,27,1,0,10,1:47.488,107488
840,211,0,28,0,1,10,1:34.000,94000
840,211,0,29,0,2,10,1:27.568,87568
840,211,0,30,0,3,10,1:28.019,88019
840,211,0,31,0,4,10,1:28.250,88250
840,211,0,32,0,5,10,1:28.599,88599
840,211,0,33,0,6,10,1:28.863,88863
840,211,0,34,0,7,10,1:28.830,88830
840,211,0,35,0,8,10,1:28.871,88871
840,211,0,36,0,9,10,1:28.674,88674
840,211,0,37,0,10,9,1:29.276,89276
840,211,0,38,0,11,9,1:28.908,88908
840,211,0,39,0,12,9,1:28.700,88700
840,211,0,40,0,13,9,1:28.784,88784
840,211,0,41,0,14,9,1:28.652,88652
840,211,0,42,0,15,9,1:28.477,88477
840,211,0,43,0,16,9,1:28.421,88421
840,211,0,44,0,17,9,1:28.563,88563
840,211,0,45,0,18,9,1:28.390,88390
840,211,0,46,0,19,9,1:28.377,88377
840,211,0,47,0,20,9,1:28.435,88435
840,211,0,48,0,21,9,1:28.570,88570
840,211,0,49,0,22,9,1:28.666,88666
840,211,0,50,0,23,9,1:28.977,88977
840,211,0,51,0,24,9,1:28.520,88520
840,211,0,52,0,25,9,1:28.545,88545
840,211,0,53,0,26,9,1:30.633,90633
840,211,0,54,0,27,9,1:28.014,88014
840,211,0,55,0,28,9,1:29.224,89224
840,211,0,56,0,29,9,1:28.922,88922
840,211,0,57,0,30,9,1:28.914,88914
832,1,2,1,0,-1,14,1:43.203,103203
832,1,2,2,0,-1,14,1:32.340,92340
832,1,2,3,0,-1,14,1:31.467,91467
832,1,2,4,0,-1,14,1:31.696,91696
832,1,2,5,0,-1,14,1:31.698,91698
832,1,2,6,0,-1,14,1:31.054,91054
832,1,2,7,0,-1,14,1:31.317,91317
832,1,2,8,0,-1,14,1:31.259,91259
832,1,2,9,0,-1,14,1:30.899,90899
826,5,3,1,0,1,15,1:43.893,103893
826,5,3,2,0,2,15,1:32.335,92335
826,5,3,3,0,3,15,1:31.493,91493
826,5,3,4,0,4,15,1:31.654,91654
826,5,3,5,0,5,15,1:31.726,91726
826,5,3,6,0,6,15,1:31.192,91192
826,5,3,7,0,7,15,1:31.168,91168
826,5,3,8,0,8,15,1:31.277,91277
826,5,3,9,0,9,15,1:31.119,91119
826,5,3,10,0,10,14,1:31.226,91226
826,5,3,11,0,11,14,1:30.191,90191
826,5,3,12,0,12,13,1:30.652,90652
826,5,3,13,0,13,11,1:30.803,90803
826,5,3,14,0,14,9,1:30.561,90561
826,5,3,15,0,15,7,1:29.760,89760
826,5,3,16,0,16,7,1:29.711,89711
826,5,3,17,0,17,7,1:29.692,89692
826,5,3,18,0,18,7,1:30.004,90004
826,5,3,19,0,19,7,1:29.404,89404
826,5,3,20,0,20,7,1:29.452,89452
826,5,3,21,0,21,7,1:29.203,89203
826,5,3,22,0,22,7,1:29.575,89575
826,5,3,23,0,23,7,1:29.611,89611
826,5,3,24,0,24,7,1:29.306,89306
826,5,3,25,0,25,7,1:29.167,89167
826,5,3,26,1,0,11,1:47.022,107022
826,5,3,27,0,1,11,1:35.659,95659
826,5,3,28,0,2,11,1:27.652,87652
826,5,3,29,0,3,11,1:28.039,88039
826,5,3,30,0,4,11,1:27.931,87931
826,5,3,31,0,5,11,1:28.350,88350
826,5,3,32,0,6,11,1:27.991,87991
826,5,3,33,0,7,11,1:27.926,87926
826,5,3,34,0,8,11,1:28.760,88760
826,5,3,35,0,9,11,1:28.617,88617
826,5,3,36,0,10,11,1:28.998,88998
826,5,3,37,0,11,11,1:34.774,94774
826,5,3,38,0,12,10,1:28.331,88331
826,5,3,39,0,13,10,1:27.448,87448
826,5,3,40,0,14,10,1:27.502,87502
826,5,3,41,0,15,10,1:27.728,87728
826,5,3,42,0,16,10,1:27.772,87772
826,5,3,43,0,17,10,1:28.103,88103
826,5,3,44,0,18,10,1:28.300,88300
826,5,3,45,0,19,10,1:28.460,88460
826,5,3,46,0,20,10,1:28.115,88115
826,5,3,47,0,21,10,1:28.501,88501
826,5,3,48,0,22,10,1:28.595,88595
826,5,3,49,0,23,10,1:28.522,88522
826,5,3,50,0,24,10,1:29.441,89441
826,5,3,51,0,25,10,1:30.419,90419
826,5,3,52,0,26,10,1:29.075,89075
826,5,3,53,0,27,10,1:28.094,88094
826,5,3,54,0,28,10,1:27.849,87849
826,5,3,55,0,29,10,1:28.975,88975
826,5,3,56,0,30,10,1:29.037,89037
826,5,3,57,0,31,10,1:28.999,88999
841,51,1,1,0,1,16,1:44.675,104675
841,51,1,2,0,2,17,1:33.661,93661
841,51,1,3,0,3,17,1:32.742,92742
841,51,1,4,0,4,17,1:32.091,92091
841,51,1,5,0,5,17,1:31.988,91988
841,51,1,6,0,6,17,1:31.639,91639
841,51,1,7,0,7,17,1:31.344,91344
841,51,1,8,0,8,17,1:31.159,91159
841,51,1,9,0,9,17,1:31.049,91049
841,51,1,10,0,10,16,1:31.198,91198
841,51,1,11,0,11,16,1:31.186,91186
841,51,1,12,0,12,15,1:30.968,90968
841,51,1,13,0,13,13,1:30.879,90879
841,51,1,14,0,14,12,1:30.752,90752
841,51,1,15,0,15,9,1:30.559,90559
841,51,1,16,0,16,9,1:31.580,91580
841,51,1,17,0,17,9,1:31.247,91247
841,51,1,18,0,18,10,1:32.479,92479
841,51,1,19,0,19,12,1:33.152,93152
841,51,1,20,0,20,12,1:31.351,91351
841,51,1,21,0,21,12,1:30.873,90873
841,51,1,22,0,22,12,1:31.135,91135
841,51,1,23,0,23,12,1:30.880,90880
841,51,1,24,0,24,12,1:30.877,90877
841,51,1,25,0,25,12,1:31.004,91004
841,51,1,26,0,26,14,1:33.701,93701
841,51,1,27,1,0,17,1:55.685,115685
841,51,1,28,0,1,17,1:34.894,94894
841,51,1,29,0,2,16,1:28.479,88479
841,51,1,30,0,3,15,1:29.031,89031
841,51,1,31,0,4,15,1:28.933,88933
841,51,1,32,0,5,15,1:32.099,92099
841,51,1,33,0,6,15,1:29.171,89171
841,51,1,34,0,7,15,1:31.663,91663
841,51,1,35,0,8,15,1:29.657,89657
841,51,1,36,0,9,15,1:29.196,89196
841,51,1,37,0,10,15,1:29.255,89255
841,51,1,38,0,11,15,1:29.066,89066
841,51,1,39,0,12,15,1:28.942,88942
841,51,1,40,0,13,15,1:28.796,88796
841,51,1,41,0,14,15,1:28.966,88966
841,51,1,42,0,15,15,1:30.348,90348
841,51,1,43,0,16,15,1:28.895,88895
841,51,1,44,0,17,15,1:29.395,89395
841,51,1,45,0,18,15,1:29.116,89116
841,51,1,46,0,19,15,1:28.852,88852
841,51,1,47,0,20,15,1:28.685,88685
841,51,1,48,0,21,15,1:28.875,88875
841,51,1,49,0,22,15,1:28.889,88889
841,51,1,50,0,23,15,1:28.978,88978
841,51,1,51,0,24,15,1:29.048,89048
841,51,1,52,0,25,15,1:29.140,89140
841,51,1,53,0,26,15,1:33.032,93032
841,51,1,54,0,27,15,1:29.284,89284
841,51,1,55,0,28,15,1:28.925,88925
841,51,1,56,0,29,15,1:29.076,89076
841,51,1,57,0,30,15,1:29.322,89322
842,9,3,1,0,1,17,1:45.008,105008
842,9,3,2,0,2,16,1:31.585,91585
842,9,3,3,0,3,16,1:31.406,91406
842,9,3,4,0,4,16,1:32.361,92361
842,9,3,5,0,5,16,1:31.171,91171
842,9,3,6,0,6,16,1:31.020,91020
842,9,3,7,0,7,16,1:31.165,91165
842,9,3,8,0,8,16,1:31.434,91434
842,9,3,9,0,9,16,1:31.161,91161
842,9,3,10,0,10,15,1:31.449,91449
842,9,3,11,0,11,15,1:30.129,90129
842,9,3,12,0,12,14,1:30.497,90497
842,9,3,13,0,13,12,1:31.143,91143
842,9,3,14,0,14,10,1:30.303,90303
842,9,3,15,0,15,8,1:29.907,89907
842,9,3,16,0,16,8,1:29.569,89569
842,9,3,17,0,17,8,1:29.830,89830
842,9,3,18,0,18,8,1:30.036,90036
842,9,3,19,0,19,8,1:29.250,89250
842,9,3,20,0,20,8,1:29.474,89474
842,9,3,21,0,21,8,1:29.155,89155
842,9,3,22,0,22,8,1:29.675,89675
842,9,3,23,0,23,8,1:29.645,89645
842,9,3,24,0,24,8,1:29.354,89354
842,9,3,25,0,25,8,1:29.272,89272
842,9,3,26,0,26,7,1:28.985,88985
842,9,3,27,0,27,6,1:28.412,88412
842,9,3,28,0,28,6,1:28.451,88451
842,9,3,29,0,29,6,1:28.713,88713
842,9,3,30,0,30,6,1:28.627,88627
842,9,3,31,0,31,6,1:28.966,88966
842,9,3,32,0,32,6,1:28.825,88825
842,9,3,33,0,33,6,1:29.207,89207
842,9,3,34,0,34,6,1:28.974,88974
842,9,3,35,0,35,6,1:29.590,89590
842,9,3,36,0,36,6,1:29.661,89661
842,9,3,37,1,0,10,1:47.175,107175
842,9,3,38,0,1,11,1:34.151,94151
842,9,3,39,0,2,11,1:27.229,87229
842,9,3,40,0,3,11,1:27.566,87566
842,9,3,41,0,4,11,1:27.915,87915
842,9,3,42,0,5,11,1:29.405,89405
842,9,3,43,0,6,11,1:28.219,88219
842,9,3,44,0,7,11,1:27.654,87654
842,9,3,45,0,8,11,1:27.828,87828
842,9,3,46,0,9,11,1:27.861,87861
842,9,3,47,0,10,11,1:28.231,88231
842,9,3,48,0,11,11,1:28.612,88612
842,9,3,49,0,12,11,1:28.451,88451
842,9,3,50,0,13,11,1:31.355,91355
842,9,3,51,0,14,11,1:28.957,88957
842,9,3,52,0,15,11,1:28.745,88745
842,9,3,53,0,16,11,1:28.224,88224
842,9,3,54,0,17,11,1:27.981,87981
842,9,3,55,0,18,11,1:28.544,88544
842,9,3,56,0,19,11,1:29.108,89108
842,9,3,57,0,20,11,1:28.874,88874
847,3,0,1,0,1,18,1:46.033,106033
847,3,0,2,0,2,18,1:33.355,93355
847,3,0,3,0,3,18,1:32.781,92781
847,3,0,4,0,4,18,1:32.743,92743
847,3,0,5,0,5,18,1:32.944,92944
847,3,0,6,0,6,18,1:32.537,92537
847,3,0,7,0,7,18,1:32.251,92251
847,3,0,8,0,8,18,1:32.579,92579
847,3,0,9,0,9,18,1:32.593,92593
847,3,0,10,0,10,17,1:32.412,92412
847,3,0,11,0,11,17,1:31.997,91997
847,3,0,12,0,12,17,1:32.384,92384
847,3,0,13,0,13,17,1:33.004,93004
847,3,0,14,0,14,16,1:32.319,92319
847,3,0,15,0,15,17,1:33.235,93235
847,3,0,16,0,16,17,1:32.137,92137
847,3,0,17,0,17,17,1:32.299,92299
847,3,0,18,0,18,17,1:32.118,92118
847,3,0,19,0,19,17,1:31.928,91928
847,3,0,20,0,20,17,1:31.645,91645
847,3,0,21,0,21,17,1:33.069,93069
847,3,0,22,0,22,17,1:31.812,91812
847,3,0,23,0,23,17,1:31.693,91693
847,3,0,24,0,24,17,1:31.681,91681
847,3,0,25,0,25,17,1:31.605,91605
847,3,0,26,1,0,18,1:49.321,109321
847,3,0,27,0,1,18,1:35.720,95720
847,3,0,28,0,2,18,1:29.491,89491
847,3,0,29,0,3,17,1:30.039,90039
847,3,0,30,0,4,16,1:30.045,90045
847,3,0,31,0,5,16,1:30.014,90014
847,3,0,32,0,6,16,1:31.934,91934
847,3,0,33,0,7,16,1:30.419,90419
847,3,0,34,0,8,16,1:30.558,90558
847,3,0,35,0,9,16,1:30.522,90522
847,3,0,36,0,10,16,1:30.393,90393
847,3,0,37,0,11,16,1:30.386,90386
847,3,0,38,0,12,16,1:30.397,90397
847,3,0,39,0,13,16,1:30.433,90433
847,3,0,40,0,14,16,1:30.381,90381
847,3,0,41,0,15,16,1:30.757,90757
847,3,0,42,1,0,16,1:50.261,110261
847,3,0,43,0,1,16,1:39.131,99131
847,3,0,44,0,2,16,1:28.783,88783
847,3,0,45,0,3,16,1:28.793,88793
847,3,0,46,0,4,16,1:29.356,89356
847,3,0,47,0,5,16,1:28.745,88745
847,3,0,48,0,6,16,1:29.216,89216
847,3,0,49,0,7,16,1:29.400,89400
847,3,0,50,0,8,16,1:32.851,92851
847,3,0,51,0,9,16,1:31.272,91272
847,3,0,52,0,10,16,1:30.906,90906
847,3,0,53,0,11,16,1:30.773,90773
847,3,0,54,0,12,16,1:33.570,93570
847,3,0,55,0,13,16,1:28.713,88713
847,3,0,56,0,14,16,1:31.271,91271
9,3,0,1,1,0,19,2:26.128,146128
9,3,0,2,0,1,19,1:39.740,99740
9,3,0,3,0,2,19,1:32.317,92317
9,3,0,4,0,3,20,1:33.683,93683
9,3,0,5,0,4,20,1:33.218,93218
9,3,0,6,0,5,20,1:32.625,92625
9,3,0,7,0,6,20,1:32.622,92622
9,3,0,8,0,7,20,1:32.346,92346
9,3,0,9,0,8,20,1:34.857,94857
9,3,0,10,0,9,19,1:36.562,96562
9,3,0,11,0,10,19,1:33.526,93526
9,3,0,12,0,11,19,1:34.236,94236
9,3,0,13,0,12,19,1:33.385,93385
9,3,0,14,0,13,19,1:35.470,95470
9,3,0,15,0,14,19,1:33.518,93518
9,3,0,16,0,15,19,1:32.374,92374
9,3,0,17,0,16,19,1:35.777,95777
9,3,0,18,0,17,19,1:32.374,92374
9,3,0,19,0,18,19,1:32.339,92339
9,3,0,20,0,19,19,1:35.249,95249
9,3,0,21,0,20,19,1:34.511,94511
9,3,0,22,0,21,19,1:38.197,98197
9,3,0,23,0,22,19,1:32.234,92234
9,3,0,24,0,23,19,1:32.265,92265
9,3,0,25,0,24,19,1:32.343,92343
9,3,0,26,0,25,19,1:32.580,92580
9,3,0,27,0,26,19,1:31.779,91779
9,3,0,28,1,0,19,1:50.779,110779
9,3,0,29,0,1,18,1:36.902,96902
9,3,0,30,0,2,17,1:29.284,89284
9,3,0,31,0,3,17,1:30.166,90166
9,3,0,32,0,4,17,1:30.858,90858
9,3,0,33,0,5,17,1:32.608,92608
9,3,0,34,0,6,17,1:30.905,90905
9,3,0,35,0,7,17,1:30.496,90496
9,3,0,36,0,8,17,1:30.751,90751
9,3,0,37,0,9,17,1:30.538,90538
9,3,0,38,0,10,17,1:30.149,90149
9,3,0,39,0,11,17,1:29.975,89975
9,3,0,40,0,12,17,1:30.358,90358
9,3,0,41,0,13,17,1:30.193,90193
9,3,0,42,0,14,17,1:30.407,90407
9,3,0,43,0,15,17,1:30.157,90157
9,3,0,44,1,0,17,1:48.376,108376
9,3,0,45,0,1,17,1:41.937,101937
9,3,0,46,0,2,17,1:30.081,90081
9,3,0,47,0,3,17,1:29.503,89503
9,3,0,48,0,4,17,1:32.494,92494
9,3,0,49,0,5,17,1:30.404,90404
9,3,0,50,0,6,17,1:30.028,90028
9,3,0,51,0,7,17,1:32.915,92915
9,3,0,52,0,8,17,1:31.023,91023
9,3,0,53,0,9,17,1:30.640,90640
9,3,0,54,0,10,17,1:30.478,90478
9,3,0,55,0,11,17,1:30.551,90551
817,4,2,1,1,0,20,2:28.213,148213
817,4,2,2,0,1,20,1:38.185,98185
817,4,2,3,0,2,20,1:32.091,92091
817,4,2,4,0,3,19,1:30.480,90480
817,4,2,5,0,4,19,1:30.631,90631
817,4,2,6,0,5,19,1:30.380,90380
817,4,2,7,0,6,19,1:30.092,90092
817,4,2,8,0,7,19,1:30.352,90352
817,4,2,9,0,8,19,1:30.185,90185
817,4,2,10,0,9,18,1:30.229,90229
817,4,2,11,0,10,18,1:30.223,90223
817,4,2,12,0,11,18,1:30.166,90166
817,4,2,13,0,12,18,1:30.078,90078
817,4,2,14,0,13,18,1:30.083,90083
817,4,2,15,0,14,18,1:30.667,90667
817,4,2,16,0,15,18,1:30.239,90239
817,4,2,17,0,16,18,1:31.569,91569
817,4,2,18,0,17,18,1:29.848,89848
817,4,2,19,0,18,18,1:30.027,90027
817,4,2,20,0,19,18,1:29.921,89921
817,4,2,21,0,20,18,1:30.464,90464
817,4,2,22,0,21,18,1:30.419,90419
817,4,2,23,0,22,18,1:30.246,90246
817,4,2,24,0,23,18,1:30.110,90110
817,4,2,25,0,24,18,1:30.501,90501
817,4,2,26,0,25,17,1:32.156,92156
817,4,2,27,0,26,16,1:31.034,91034
817,4,2,28,0,27,16,1:30.733,90733
